,COREFL,EFCAMDAT,GiG
COREFL,1.0,0.0,0.023305721617175677
EFCAMDAT,0.0,1.0,0.0
GiG,0.023305721617175677,0.0,1.0
